id,name,city,region,geom,created_at,boundary,school_count,hospital_count
202,Rajendra Nagar,Hyderabad,West Hyderabad,POINT(78.4020096 17.3200305),2026-02-13 12:14:23.913496,"POLYGON((78.42081189279894 17.320273581921626,78.42049980355652 17.31674557562411,78.41947717006995 17.313343841047963,78.41778332914527 17.31019909926207,78.41548340234462 17.30743218833122,78.41266578911886 17.305149421496083,78.40943876746125 17.303438504290373,78.40592633304956 17.302365167091622,78.4022634367424 17.301970642056638,78.3985908030577 17.302270080959993,78.39504952806371 17.303251974378956,78.39177566339461 17.30487859432387,78.38889499357548 17.307087443253277,78.38651820649346 17.309793653916287,78.38473664195806 17.31289324808486,78.38361878138839 17.316267129348628,78.38320761355081 17.319785656991296,78.38351897796517 17.32331362562373,78.38454095033318 17.326715459574004,78.38623429449811 17.329860422644412,78.38853396452498 17.332627643081636,78.39135160005445 17.334910760525457,78.39457891969771 17.336622016065178,78.39809188241144 17.33769562781496,78.40175545690782 17.33809032182009,78.40542881542072 17.337790920581806,78.40897075153333 17.336808927788688,78.41224511296215 17.335182086559197,78.41512603955496 17.332972928123386,78.41750280433315 17.330266366851692,78.41928407088282 17.327166434349152,78.42040140315045 17.32379227853441,78.42081189279894 17.320273581921626))",0,0
207,Sainikpuri,Hyderabad,West Hyderabad,POINT(78.5424889 17.4892154),2026-02-13 12:14:23.964694,"POLYGON((78.56131053944223 17.48944746922453,78.56099588428238 17.48591935355141,78.55997004129173 17.482517937021537,78.55827247082169 17.479373928098973,78.55596843773736 17.476608136332008,78.55314649904639 17.474326831682745,78.5499150985353 17.472617663348423,78.54639839960589 17.47154629449934,78.54273151641026 17.47115388179687,78.53905532614372 17.47145549611083,78.53551106114999 17.47243954477222,78.53223488776108 17.474068217348993,78.52935267924575 17.476278937771106,78.5269751828673 17.47898676713709,78.5251937661247 17.482087665158705,78.52407690531022 17.485462485318486,78.52366755135985 17.488981550671937,78.52398147462378 17.49250963489507,78.52500665287103 17.495911157520275,78.52670372695133 17.499055393931425,78.5290075075704 17.501821499947173,78.5318294761562 17.504103157763907,78.535061184371 17.505812664417828,78.53857842196793 17.50688430523254,78.54224599278761 17.507276882142346,78.5459229149502 17.50697529927836,78.5494678446874 17.505991144521598,78.55274451446603 17.50436224445619,78.55562697544651 17.50215120978525,78.55800444193 17.499443027251804,78.55978555096883 17.496341790910645,78.56090187311582 17.49296669878529,78.56131053944223 17.48944746922453))",0,0
208,Sanath Nagar,Hyderabad,West Hyderabad,POINT(78.4446705 17.4522594),2026-02-13 12:14:23.964694,"POLYGON((78.46348693371121 17.452500243226645,78.46317415242493 17.44897220871125,78.46215031064298 17.4455705331783,78.46045479185719 17.44242593526062,78.45815278223381 17.43965924730908,78.4553327612445 17.43737677382047,78.45210309924819 17.435666208917194,78.44858789310824 17.434593269357663,78.44492219984333 17.434199172007315,78.44124685108035 17.43449905226633,78.43770304688641 17.43548138387446,78.43442693583974 17.437108422169707,78.43154438866732 17.439317653718657,78.42916616542254 17.442024196741524,78.42738366126895 17.445124060376063,78.42626539401554 17.448498137936898,78.42585436841318 17.452016781174564,78.42616641889254 17.455544780196472,78.42718959513053 17.458946558039322,78.42888461495842 17.46209138049455,78.43118636817175 17.464858381027483,78.43400641433496 17.46714120755367,78.43723637925673 17.46885211220392,78.44075211995597 17.469925326496423,78.44441849803223 17.470319591740118,78.44809457760229 17.470019746974586,78.45163904734025 17.46903731305651,78.45491565734478 17.46741005022367,78.45779846092715 17.465200506093282,78.46017665899788 17.462493610032848,78.46195886022599 17.45939340665138,78.4630765929201 17.456019054357633,78.46348693371121 17.452500243226645))",0,0
102,Himayat Nagar,Hyderabad,West Hyderabad,POINT(78.483456 17.4039678),2026-02-13 12:14:23.373264,,0,0
142,LB Nagar,Hyderabad,West Hyderabad,POINT(78.5510938 17.3501617),2026-02-13 12:14:23.618653,,0,0
184,Osman Nagar,Hyderabad,West Hyderabad,POINT(78.2782231 17.4418133),2026-02-13 12:14:23.874730,,0,0
233,Uppal,Hyderabad,West Hyderabad,POINT(78.5612562 17.4025091),2026-02-13 12:14:24.083674,"POLYGON((78.58006920849932 17.40273828731402,78.57975411193244 17.399210147090884,78.57872817609271 17.395808817512435,78.57703086467153 17.39266500371926,78.57472743239875 17.389899507819297,78.57190641308857 17.387618588494544,78.56867621518295 17.385909880242135,78.56516095594831 17.384839028660803,78.56149569437139 17.38444717062755,78.55782124554746 17.38474935576101,78.55427877513894 17.385733969481073,78.55100438074108 17.387363179622866,78.54812386743711 17.38957438939971,78.54574791744919 17.39228264101464,78.5439678388628 17.39538387784496,78.5428520564657 17.398758940243848,78.54244347958975 17.402278141863714,78.54275784850468 17.4058062510794,78.54378312361187 17.409207686437636,78.54547994181053 17.41235172669382,78.54778312345937 17.41511753526307,78.5506041728995 17.41739880586236,78.55383467710199 17.419107850516156,78.55735047216945 17.42017897241168,78.5610164175395 17.42057099351902,78.56469159401553 17.420268839393003,78.56823472515663 17.419284119893103,78.57150961277702 17.417654683288248,78.57439037670478 17.415443160842084,78.57676629656262 17.41273455795264,78.5785460688521 17.409632984720965,78.57966131541639 17.406257652007934,78.58006920849932 17.40273828731402))",0,0
251,Gagillapur,Hyderabad,West Hyderabad,POINT(78.3884098 17.6134532),2026-02-19 10:31:28.765559,,0,0
1,Gachibowli,Hyderabad,West Hyderabad,POINT(78.3519638 17.4436222),2025-12-25 12:25:41.878528,"POLYGON((78.37077796203499 17.44387168795216,78.37046697891567 17.440343742911722,78.3694449528907 17.436941821380042,78.36775119777796 17.433796651631074,78.36545083214786 17.431029088124657,78.36263227252414 17.42874546906438,78.35940383334993 17.427033532572892,78.35588956471679 17.42595904801493,78.35222448777914 17.425563291462442,78.34854941056076 17.425861461872387,78.34500552268135 17.42684209848042,78.34172897583066 17.428467521574913,78.33884565730251 17.430675279659905,78.33646635656334 17.43338054752016,78.33468250994044 17.436479383320552,78.3335626866126 17.439852719977754,78.3331499509659 17.443370937881703,78.3334602030648 17.44689884369055,78.33448156170903 17.450300864235867,78.33617481468333 17.453446256169777,78.33847491986337 17.45621413120681,78.34129350037654 17.45849810371567,78.34452223859951 17.460210381764377,78.34803703891332 17.461285143989176,78.35170279921994 17.461681072045867,78.35537860745883 17.4613829408675,78.35892316271908 17.460402205245792,78.36220021170816 17.458776559966296,78.36508379068628 17.45656849035066,78.36746307053589 17.453862869041824,78.36924661810994 17.45076369168426,78.37036590975714 17.447390077360264,78.37077796203499 17.44387168795216))",0,0
110,Isnapur,Hyderabad,West Hyderabad,POINT(78.1978941 17.5441251),2026-02-13 12:14:23.434929,,0,0
126,Kavadiguda,Hyderabad,West Hyderabad,POINT(78.4917695 17.4227022),2026-02-13 12:14:23.555039,,0,0
122,Kandlakoya,Hyderabad,West Hyderabad,POINT(78.4902208 17.5998332),2026-02-13 12:14:23.486438,,0,0
124,Kapra,Hyderabad,West Hyderabad,POINT(78.5610095 17.4846356),2026-02-13 12:14:23.555039,,0,0
125,Karmanghat,Hyderabad,West Hyderabad,POINT(78.5329747 17.3410061),2026-02-13 12:14:23.555039,,0,0
127,Keesara,Hyderabad,West Hyderabad,POINT(78.6665345 17.5249309),2026-02-13 12:14:23.555039,,0,0
128,Khajaguda,Hyderabad,West Hyderabad,POINT(78.3656108 17.4172202),2026-02-13 12:14:23.555039,,0,0
129,Kismatpur,Hyderabad,West Hyderabad,POINT(78.3926988 17.3351206),2026-02-13 12:14:23.555039,,0,0
158,Mansoorabad,Hyderabad,West Hyderabad,POINT(78.5652906 17.3541765),2026-02-13 12:14:23.730606,,0,0
159,Medchal,Hyderabad,West Hyderabad,POINT(78.4843146 17.6339929),2026-02-13 12:14:23.730606,,0,0
224,Tellapur,Hyderabad,West Hyderabad,POINT(78.2863481 17.4654913),2026-02-13 12:14:24.083674,,0,0
230,Tukkuguda,Hyderabad,West Hyderabad,POINT(78.4767822 17.2090428),2026-02-13 12:14:24.083674,,0,0
250,Raviryal,Hyderabad,West Hyderabad,POINT(78.5132253 17.2164625),2026-02-19 10:31:28.765559,,0,0
252,Lingampally,Hyderabad,West Hyderabad,POINT(78.316112 17.4881832),2026-02-19 10:31:28.765559,,0,0
258,Punjagutta,Hyderabad,West Hyderabad,POINT(78.4519072 17.4286964),2026-02-19 10:31:28.765559,,0,0
5,Financial District,Hyderabad,West Hyderabad,POINT(78.338635 17.4129831),2025-12-25 18:48:04.444138,"POLYGON((78.3299165 17.4241368,78.3318001 17.4230552,78.3322298 17.4237343,78.3319213 17.4239066,78.3313843 17.4250372,78.3315931 17.4253638,78.3313275 17.4255983,78.3310535 17.4258268,78.3310215 17.4258686,78.3309179 17.4261654,78.3309066 17.4264954,78.3303041 17.4265263,78.3300856 17.4255031,78.3299165 17.4241368))",0,0
6,Nanakramguda,Hyderabad,West Hyderabad,POINT(78.3379784 17.4217796),2025-12-25 18:48:04.444138,"POLYGON((78.35679011029849 17.422030105735526,78.35647937519856 17.41850217324106,78.35545768174084 17.415100224650722,78.35376433093053 17.411954989319536,78.35146442579469 17.4091873242676,78.34864636518155 17.406903571633517,78.34541844440244 17.405191474693442,78.34190469368926 17.40411680898303,78.33824011436275 17.403720857524625,78.33456549539046 17.404018826739694,78.33102200883559 17.404999263559507,78.32774579099762 17.406624495908986,78.3248627165328 17.4088320795824,78.32248356550743 17.411537196034402,78.32069976845054 17.41463590922804,78.31957989257415 17.418009156786677,78.31916700421407 17.421527322535454,78.31947700923666 17.425055215162445,78.32049803588302 17.42845726204194,78.32219088466388 17.431602718855302,78.32449052898164 17.434370694863762,78.32730860969525 17.436654800588446,78.33053682843331 17.438367238998342,78.33405110960241 17.439442182572094,78.33771637112467 17.439838305985184,78.3413917201744 17.439540376637584,78.3449358735407 17.438559841528576,78.34821259340809 17.436934387696876,78.3510959286909 17.43472649306689,78.35347505961568 17.432021023524293,78.35525855871354 17.428921968860887,78.35637790413404 17.425548443438952,78.35679011029849 17.422030105735526))",0,0
38,Alwal,Hyderabad,West Hyderabad,POINT(78.5088584 17.5022292),2026-02-13 12:14:22.851857,,0,0
61,Boduppal,Hyderabad,West Hyderabad,POINT(78.5827841 17.4200755),2026-02-13 12:14:23.107527,,0,0
7,Kukatpally,Hyderabad,West Hyderabad,POINT(78.4054408 17.4930841),2025-12-25 18:48:04.444138,"POLYGON((78.4242608484588 17.49332920492831,78.4239488746638 17.48980121129703,78.42292567027711 17.486399411455697,78.42123059444435 17.4832545288655,78.4189288164584 17.480487406830875,78.41610880701607 17.478204366504166,78.41287893611782 17.476493123729405,78.4093633086859 17.475419421227222,78.4056969979007 17.47502450508159,78.40202085903691 17.47532354206004,78.39847612239944 17.47630503822804,78.39519897225136 17.47793128097778,78.39231531910268 17.480139787434474,78.38993596538198 17.482845703709103,78.38815234961092 17.48594506308665,78.38703303228635 17.489318778348025,78.38662105854097 17.492837215267677,78.38693229932514 17.496365171980212,78.38795483555727 17.49976707322939,78.38964940981224 17.502912180115576,78.39195092915786 17.505679615187358,78.39477096227296 17.507963009635287,78.39800113555314 17.509674593703608,78.40151729804127 17.510748572712828,78.40518429509949 17.51114365848327,78.40886116697428 17.510844658423554,78.41240657176635 17.50986306084767,78.41568422349219 17.508236593801875,78.4185681352811 17.50602777430801,78.42094746532891 17.503321503912154,78.42273077871798 17.500221803241093,78.42384956098634 17.49684781147273,78.4242608484588 17.49332920492831))",0,0
199,Puppalaguda,Hyderabad,West Hyderabad,POINT(78.3756838 17.3959138),2026-02-13 12:14:23.913496,,0,0
37,Alkapur,Hyderabad,West Hyderabad,POINT(78.3677347 17.3859777),2026-02-13 12:14:22.851857,,0,0
60,Bhoganahalli,Bangalore,West Hyderabad,POINT(77.7009129 12.9265141),2026-02-13 12:14:23.107527,,0,0
71,Chikagubbi,Bangalore,West Hyderabad,POINT(77.6617692 13.0800592),2026-02-13 12:14:23.172908,,0,0
65,Budigere Cross,Bangalore,West Hyderabad,POINT(77.7501643 13.0470762),2026-02-13 12:14:23.172908,,0,0
182,Old Airport Road,Bangalore,West Hyderabad,POINT(77.6273702 12.9628509),2026-02-13 12:14:23.830655,,0,0
385,SARJAPURA,Bangalore,West Hyderabad,POINT(77.7861352 12.8600866),2026-02-19 10:41:39.611614,,0,0
386,SHIVAJINAGAR,Bangalore,West Hyderabad,POINT(77.6054496 12.9855286),2026-02-19 10:41:39.611614,,0,0
388,Sadashiva Nagar,Bangalore,West Hyderabad,POINT(77.5808641 13.0110193),2026-02-19 10:41:39.611614,,0,0
389,Sahakar Nagar,Bangalore,West Hyderabad,POINT(77.5857251 13.069641),2026-02-19 10:41:39.611614,,0,0
390,Sahakara Nagar,Bangalore,West Hyderabad,POINT(77.5800614 13.0621474),2026-02-19 10:41:39.611614,,0,0
391,Samethanahalli,Bangalore,West Hyderabad,POINT(77.7907328 12.979363),2026-02-19 10:41:39.611614,,0,0
392,Sampangi Rama Nagara,Bangalore,West Hyderabad,POINT(77.5919645 12.9651927),2026-02-19 10:41:39.611614,,0,0
394,Singasandra,Bangalore,West Hyderabad,POINT(77.642089 12.8787382),2026-02-19 10:41:39.611614,,0,0
395,Sompura,Bangalore,West Hyderabad,POINT(77.4972385 12.8778283),2026-02-19 10:41:39.611614,,0,0
396,Sri Ramapura,Bangalore,West Hyderabad,POINT(77.6777474 13.0401292),2026-02-19 10:41:39.611614,,0,0
397,St. John’s Road,Bangalore,West Hyderabad,POINT(77.6130125 12.9917569),2026-02-19 10:41:39.611614,,0,0
45,Attibele,Bangalore,West Hyderabad,POINT(77.7709216 12.7751249),2026-02-13 12:14:23.042416,,0,0
49,Bagalur,Bangalore,West Hyderabad,POINT(77.6184726 13.0079918),2026-02-13 12:14:23.042416,,0,0
51,Balagere,Bangalore,West Hyderabad,POINT(77.7280705 12.9377243),2026-02-13 12:14:23.042416,,0,0
55,Bannerghatta Road,Bangalore,West Hyderabad,POINT(77.6001651 12.9104248),2026-02-13 12:14:23.107527,,0,0
209,Sarjapur,Bangalore,West Hyderabad,POINT(77.6388622 12.9116225),2026-02-13 12:14:23.964694,,0,0
210,Sarjapur Road,Bangalore,West Hyderabad,POINT(77.6388622 12.9116225),2026-02-13 12:14:23.964694,,0,0
212,Seegehalli,Bangalore,West Hyderabad,POINT(77.71748 13.0164845),2026-02-13 12:14:23.964694,,0,0
237,Whitefield,Bangalore,West Hyderabad,POINT(77.7614229 12.9963995),2026-02-13 12:14:24.138873,"POLYGON((77.74826077444672 12.98804775809666,77.74786806027036 12.984527287532584,77.74678257100851 12.981149585904024,77.74504604219634 12.97804444336596,77.7427252184787 12.975331173603593,77.73990928701501 12.973114030988967,77.73670645019678 12.971478206433451,77.73323976936382 12.970486555465754,77.7296424389558 12.97017718398417,77.7260526722047 12.970561984272544,77.72260839425857 12.971626177480504,77.71944194598356 12.973328880227703,77.71667500133935 12.975604673760953,77.71441389317177 12.978366115659874,77.71274552679787 12.981507097915507,77.71173403843598 12.984906922678253,77.71141832717329 12.988434939338354,77.71181055581718 12.991955564932022,77.71289567889008 12.995333495008143,77.7146320166058 12.998438904632659,77.7169528534122 13.001152439458892,77.7197690001572 13.00336980476122,77.72297222167472 13.005005775726094,77.72643939805796 13.005997474535294,77.7300372594242 13.006306788007086,77.73362751170785 13.005921832689081,77.73707215584292 13.00485741103353,77.74023879521434 13.00315444119985,77.74300572676972 13.00087838260274,77.7452666196559 12.998116718016135,77.7469346013305 12.994975589351187,77.74794559414217 12.991575716746965,77.74826077444672 12.98804775809666))",0,0
241,Yeshwanthpur,Bangalore,West Hyderabad,POINT(77.5555009 13.0176937),2026-02-13 12:14:24.138873,,0,0
201,Rajaji Nagar,Bangalore,West Hyderabad,POINT(77.5490651 13.0036633),2026-02-13 12:14:23.913496,,0,0
235,Varthur,Bangalore,West Hyderabad,POINT(77.746988 12.9406508),2026-02-13 12:14:24.138873,"POLYGON((77.76570479020994 12.941633407762641,77.76531204519931 12.938112987184333,77.76422666784616 12.934735354652622,77.7624903892676 12.93163029766509,77.7601699443965 12.92891712664255,77.75735450577393 12.926700092207648,77.75415225683773 12.925064381174487,77.75068623636902 12.924072844775031,77.74708961350579 12.923763584566396,77.74350057439602 12.924148488604319,77.74005701634616 12.92521277407849,77.73689125267454 12.92691555406494,77.73412493112767 12.929191406818937,77.73186436066561 12.931952887599202,77.73019642595587 12.935093886842537,77.7291852465949 12.938493705980672,77.72886970971945 12.942021694558338,77.72926197132871 12.945542270642887,77.73034698455697 12.948920131658664,77.73208307372182 12.952025455323474,77.73440353272696 12.954738890617305,77.73721918687951 12.956956146684613,77.74042181992922 12.958592002969748,77.74388833461713 12.959583586127456,77.74748548656484 12.959892787482088,77.75107500907608 12.959507727937902,77.75451893125084 12.95844321397962,77.75768488433609 12.956740167315873,77.76045119174884 12.954464050290584,77.76271154668085 12.951702347877943,77.76437909727706 12.948561203382665,77.76538978241891 12.945161337486304,77.76570479020994 12.941633407762641))",0,0
240,Yelahanka,Bangalore,West Hyderabad,POINT(77.5963454 13.1006982),2026-02-13 12:14:24.138873,"POLYGON((77.60596986378086 13.05900575446394,77.6055788053297 13.055484716720681,77.60449462358268 13.052106120592676,77.60275900417247 13.048999790825807,77.6004386571817 13.046285086832603,77.59762275181723 13.044066318075922,77.5944194897617 13.042428737808294,77.5909519488722 13.041435268777114,77.58735335667038 13.041124086432111,77.58376197475889 13.041507152316566,77.58031579010456 13.042569753936283,77.57714721650278 13.044271068858892,77.57437800920287 13.046545731561627,77.57211458763534 13.049306343107043,77.57044394572556 13.052446827546683,77.56943030696355 13.05584650641408,77.5691126530445 13.059374735021928,77.56950322155019 13.062895922592565,77.57058703105226 13.066274743374514,77.57232245258893 13.069381338420358,77.57464280620206 13.072096307931277,77.57745892167661 13.07431530202173,77.58066256534258 13.075953033134171,77.58413060124619 13.076946555556432,77.58772972650432 13.077257685710473,77.59132159836136 13.07687446999861,77.59476815526065 13.075811643724926,77.59793692673588 13.074110063523303,77.60070612741336 13.071835135302857,77.60296933887075 13.06907429842369,77.60463959917006 13.065933663139278,77.60565274291804 13.062533930880825,77.60596986378086 13.05900575446394))",0,0
57,Begur,Bangalore,West Hyderabad,POINT(77.6130112 12.8633887),2026-02-13 12:14:23.107527,,0,0
58,Bellandur,Bangalore,West Hyderabad,POINT(77.6720227 12.9371445),2026-02-13 12:14:23.107527,,0,0
74,Choodasandra,Bangalore,West Hyderabad,POINT(77.6799727 12.8883623),2026-02-13 12:14:23.231167,,0,0
93,Gunjur,Bangalore,West Hyderabad,POINT(77.7361016 12.9209772),2026-02-13 12:14:23.307323,,0,0
100,Hebbal,Bangalore,West Hyderabad,POINT(77.5919 13.0382184),2026-02-13 12:14:23.373264,,0,0
130,Kodathi,Bangalore,West Hyderabad,POINT(77.7133427 12.8905129),2026-02-13 12:14:23.555039,,0,0
131,Kogilu,Bangalore,West Hyderabad,POINT(77.6173956 13.1067228),2026-02-13 12:14:23.555039,,0,0
136,Koramangala,Bangalore,West Hyderabad,POINT(77.624081 12.9357366),2026-02-13 12:14:23.618653,,0,0
205,Sai Baba Ashram Road,Bangalore,West Hyderabad,POINT(77.7623756 13.0170905),2026-02-13 12:14:23.964694,,0,0
227,Thanisandra Road,Bangalore,West Hyderabad,POINT(77.6316152 13.0522499),2026-02-13 12:14:24.083674,,0,0
183,Old Madras Road,Bangalore,West Hyderabad,POINT(77.6449072 12.9859128),2026-02-13 12:14:23.830655,,0,0
265,AGARA,Bangalore,West Hyderabad,POINT(77.6438684 12.9091524),2026-02-19 10:36:46.781721,,0,0
266,ANUGONDANAHALLI,Bangalore,West Hyderabad,POINT(77.8145716 12.9582608),2026-02-19 10:36:46.781721,,0,0
268,"Aerospace Park, Bengaluru",Bangalore,West Hyderabad,POINT(77.7710374 13.2229369),2026-02-19 10:36:46.781721,,0,0
272,Anekal,Bangalore,West Hyderabad,POINT(77.7393213 12.7784026),2026-02-19 10:36:46.781721,,0,0
273,AnjanaPura,Bangalore,West Hyderabad,POINT(77.5540587 12.8601312),2026-02-19 10:36:46.781721,,0,0
274,BIDARAHALLI,Bangalore,West Hyderabad,POINT(77.7145707 13.0619796),2026-02-19 10:36:46.781721,,0,0
276,BOMMANAHALLI,Bangalore,West Hyderabad,POINT(77.6230028 12.9034582),2026-02-19 10:36:46.781721,,0,0
277,Baglur,Bangalore,West Hyderabad,POINT(77.5392228 12.9969017),2026-02-19 10:36:46.781721,,0,0
278,Banashankari,Bangalore,West Hyderabad,POINT(77.556621 12.9278196),2026-02-19 10:36:46.781721,,0,0
282,Belahalli,Bangalore,West Hyderabad,POINT(77.6364044 13.1013059),2026-02-19 10:36:46.781721,,0,0
283,Belathur,Bangalore,West Hyderabad,POINT(77.7408733 12.9989822),2026-02-19 10:36:46.781721,,0,0
284,Bellahalli,Bangalore,West Hyderabad,POINT(77.6427148 13.0997677),2026-02-19 10:36:46.781721,,0,0
285,Bendiganahalli,Bangalore,West Hyderabad,POINT(77.7582582 13.0683794),2026-02-19 10:37:25.627888,,0,0
286,Bettahalasuru,Bangalore,West Hyderabad,POINT(77.6071413 13.1621697),2026-02-19 10:37:25.627888,,0,0
287,Bidadi,Bangalore,West Hyderabad,POINT(77.5822896 12.8861649),2026-02-19 10:37:25.627888,,0,0
288,Binnypet,Bangalore,West Hyderabad,POINT(77.5614856 12.9643587),2026-02-19 10:37:25.627888,,0,0
289,Bommasandra,Bangalore,West Hyderabad,POINT(77.6892217 12.816016),2026-02-19 10:37:25.627888,,0,0
290,Bommenahalli,Bangalore,West Hyderabad,POINT(77.7465943 13.0742536),2026-02-19 10:37:25.627888,,0,0
291,Bommenahalli village,Bangalore,West Hyderabad,POINT(77.7465943 13.0742536),2026-02-19 10:37:25.627888,,0,0
292,Bovipalya,Bangalore,West Hyderabad,POINT(77.5471882 13.0078344),2026-02-19 10:37:25.627888,,0,0
293,Budigere,Bangalore,West Hyderabad,POINT(77.7471989 13.1351506),2026-02-19 10:37:25.627888,,0,0
294,Budigere Road,Bangalore,West Hyderabad,POINT(77.7471989 13.1351506),2026-02-19 10:37:25.627888,,0,0
270,Akshaya Nagar,Bangalore,West Hyderabad,POINT(77.6831272 13.0195427),2026-02-19 10:36:46.781721,,0,0
295,Bukkasagara,Bangalore,West Hyderabad,POINT(77.6324661 12.7756195),2026-02-19 10:37:25.627888,,0,0
296,Byrathi,Bangalore,West Hyderabad,POINT(77.6721894 13.0578901),2026-02-19 10:37:25.627888,,0,0
297,CHAMBENAHALLI,Bangalore,West Hyderabad,POINT(77.7662379 12.8886379),2026-02-19 10:37:25.627888,,0,0
298,CHIKKANAYAKANAHALLI,Bangalore,West Hyderabad,POINT(77.6935023 12.8891122),2026-02-19 10:37:25.627888,,0,0
299,Carmelaram,Bangalore,West Hyderabad,POINT(77.7065133 12.9111998),2026-02-19 10:37:25.627888,,0,0
300,Chandapura,Bangalore,West Hyderabad,POINT(77.7114908 12.8009043),2026-02-19 10:37:25.627888,,0,0
301,Chikkabanahalli,Bangalore,West Hyderabad,POINT(77.7534826 13.0184264),2026-02-19 10:37:25.627888,,0,0
302,Chikkagubbi,Bangalore,West Hyderabad,POINT(77.6616026 13.0822582),2026-02-19 10:37:25.627888,,0,0
303,Chokkanahalli,Bangalore,West Hyderabad,POINT(77.6263539 13.0850788),2026-02-19 10:37:25.627888,,0,0
304,Chowdenahalli,Bangalore,West Hyderabad,POINT(77.761841 12.8860844),2026-02-19 10:37:25.627888,,0,0
305,Defence & Aerospace Park,Bangalore,West Hyderabad,POINT(77.7710374 13.2229369),2026-02-19 10:38:37.967380,,0,0
311,Electronic City Phase 2,Bangalore,West Hyderabad,POINT(77.6769267 12.8468545),2026-02-19 10:38:37.967380,,0,0
307,Doddakannelli,Bangalore,West Hyderabad,POINT(77.6934164 12.9115381),2026-02-19 10:38:37.967380,,0,0
308,Dollars Colony,Bangalore,West Hyderabad,POINT(77.5678155 13.0413668),2026-02-19 10:38:37.967380,,0,0
309,Dommasandra Road,Bangalore,West Hyderabad,POINT(77.7534769 12.8777098),2026-02-19 10:38:37.967380,,0,0
310,Electronic City Phase 1,Bangalore,West Hyderabad,POINT(77.6649749 12.8496783),2026-02-19 10:38:37.967380,,0,0
313,Gattahalli,Bangalore,West Hyderabad,POINT(77.7026913 12.8685628),2026-02-19 10:38:37.967380,,0,0
314,Geddalahalli,Bangalore,West Hyderabad,POINT(77.5675668 13.0367681),2026-02-19 10:38:37.967380,,0,0
315,Gollahalli,Bangalore,West Hyderabad,POINT(77.5852714 12.821532),2026-02-19 10:38:37.967380,,0,0
316,Gottigere,Bangalore,West Hyderabad,POINT(77.5877237 12.8565317),2026-02-19 10:38:37.967380,,0,0
317,Govindaraja Nagar,Bangalore,West Hyderabad,POINT(77.5367385 12.9755632),2026-02-19 10:38:37.967380,,0,0
318,Guddahatti,Bangalore,West Hyderabad,POINT(77.7421356 12.8039382),2026-02-19 10:38:37.967380,,0,0
319,HESARAGHATTA,Bangalore,West Hyderabad,POINT(77.4730361 13.1042269),2026-02-19 10:38:37.967380,,0,0
320,HOSAHALLI,Bangalore,West Hyderabad,POINT(77.5414979 12.9660431),2026-02-19 10:38:37.967380,,0,0
321,HSR Layout,Bangalore,West Hyderabad,POINT(77.6388622 12.9116225),2026-02-19 10:38:37.967380,,0,0
322,Harohalli,Bangalore,West Hyderabad,POINT(77.5804603 13.1305028),2026-02-19 10:38:37.967380,,0,0
323,Hennur Main Road,Bangalore,West Hyderabad,POINT(77.6313982 13.0255533),2026-02-19 10:38:37.967380,,0,0
324,Hennur Road,Bangalore,West Hyderabad,POINT(77.6413572 13.037077),2026-02-19 10:38:37.967380,,0,0
326,Horamavu,Bangalore,West Hyderabad,POINT(77.6601508 13.0273312),2026-02-19 10:39:24.112969,,0,0
327,Hoskote,Bangalore,West Hyderabad,POINT(77.7618779 13.0318443),2026-02-19 10:39:24.112969,,0,0
328,Hulimangala,Bangalore,West Hyderabad,POINT(77.6495447 12.8226963),2026-02-19 10:39:24.112969,,0,0
329,Huvinayakanahalli,Bangalore,West Hyderabad,POINT(77.6896848 13.1478821),2026-02-19 10:39:24.112969,,0,0
330,Industrial Area,Bangalore,West Hyderabad,POINT(77.5045057 13.0160478),2026-02-19 10:39:24.112969,,0,0
331,JP Nagar Phase 7,Bangalore,West Hyderabad,POINT(77.5866067 12.9096941),2026-02-19 10:39:24.112969,,0,0
332,Jayanagar,Bangalore,West Hyderabad,POINT(77.5824229 12.9292731),2026-02-19 10:39:24.112969,,0,0
334,KANNAMANGALA,Bangalore,West Hyderabad,POINT(77.7630344 13.0155506),2026-02-19 10:39:24.112969,,0,0
337,KYALASANAHALLI,Bangalore,West Hyderabad,POINT(77.6591321 13.0564575),2026-02-19 10:39:24.112969,,0,0
338,Kadubeesanahalli,Bangalore,West Hyderabad,POINT(77.7010701 12.937595),2026-02-19 10:39:24.112969,,0,0
339,Kadugondanahalli,Bangalore,West Hyderabad,POINT(77.6215464 13.0207029),2026-02-19 10:39:24.112969,,0,0
340,Kalkere,Bangalore,West Hyderabad,POINT(77.6766779 13.0344453),2026-02-19 10:39:24.112969,,0,0
341,Kammanahalli,Bangalore,West Hyderabad,POINT(77.6382029 13.0148544),2026-02-19 10:39:24.112969,,0,0
342,Kasavanahalli,Bangalore,West Hyderabad,POINT(77.6745075 12.8977737),2026-02-19 10:39:24.112969,,0,0
343,Kempapura,Bangalore,West Hyderabad,POINT(77.6096313 13.0478903),2026-02-19 10:39:24.112969,,0,0
344,Kempapura Agrahara,Bangalore,West Hyderabad,POINT(77.5553763 12.9706228),2026-02-19 10:39:24.112969,,0,0
345,Kengeri,Bangalore,West Hyderabad,POINT(77.4837568 12.9176571),2026-02-19 10:40:26.439916,,0,0
347,Kodigehalli,Bangalore,West Hyderabad,POINT(77.7272835 13.0031666),2026-02-19 10:40:26.439916,,0,0
349,Konadasapura,Bangalore,West Hyderabad,POINT(77.7566409 13.0441926),2026-02-19 10:40:26.439916,,0,0
350,Koralur,Bangalore,West Hyderabad,POINT(77.7844457 12.9973225),2026-02-19 10:40:26.439916,,0,0
351,Krishnarajapura,Bangalore,West Hyderabad,POINT(77.6776703 12.9999024),2026-02-19 10:40:26.439916,,0,0
352,Krishnarajapuram,Bangalore,West Hyderabad,POINT(77.6754561 13.0005461),2026-02-19 10:40:26.439916,,0,0
353,Krishnasagara,Bangalore,West Hyderabad,POINT(77.7461411 12.7836552),2026-02-19 10:40:26.439916,,0,0
354,Kudlu,Bangalore,West Hyderabad,POINT(77.6555716 12.8889126),2026-02-19 10:40:26.439916,,0,0
357,MG Road,Bangalore,West Hyderabad,POINT(77.5995207 12.9752087),2026-02-19 10:40:26.439916,,0,0
358,Madivala,Bangalore,West Hyderabad,POINT(77.6211213 12.9214542),2026-02-19 10:40:26.439916,,0,0
359,Madiwala,Bangalore,West Hyderabad,POINT(77.6177348 12.9218931),2026-02-19 10:40:26.439916,,0,0
360,Mahadevapura,Bangalore,West Hyderabad,POINT(77.6927176 12.9965445),2026-02-19 10:40:26.439916,,0,0
361,Mallasandra,Bangalore,West Hyderabad,POINT(77.5155741 13.0548302),2026-02-19 10:40:26.439916,,0,0
362,Malleshwaram,Bangalore,West Hyderabad,POINT(77.5703253 13.0027353),2026-02-19 10:40:26.439916,,0,0
363,Maragondanahalli,Bangalore,West Hyderabad,POINT(77.6922232 13.0376489),2026-02-19 10:40:26.439916,,0,0
364,Marathahalli,Bangalore,West Hyderabad,POINT(77.6984163 12.9552572),2026-02-19 10:40:26.439916,,0,0
365,Marsur,Bangalore,West Hyderabad,POINT(77.7043732 12.7678915),2026-02-19 10:40:46.370025,,0,0
366,Mathikere,Bangalore,West Hyderabad,POINT(77.5581786 13.0333587),2026-02-19 10:40:46.370025,,0,0
367,NAGONDANAHALLI,Bangalore,West Hyderabad,POINT(77.7703403 12.97516),2026-02-19 10:40:46.370025,,0,0
368,NARAYANAGHATTA,Bangalore,West Hyderabad,POINT(77.7260023 12.8364852),2026-02-19 10:40:46.370025,,0,0
369,Nagawara,Bangalore,West Hyderabad,POINT(77.6312831 13.0529146),2026-02-19 10:40:46.370025,,0,0
370,Nagegowdanapalya,Bangalore,West Hyderabad,POINT(77.5142974 12.8683303),2026-02-19 10:40:46.370025,,0,0
371,Narasapura,Bangalore,West Hyderabad,POINT(77.5587998 13.0721622),2026-02-19 10:40:46.370025,,0,0
372,Neraganahalli,Bangalore,West Hyderabad,POINT(77.6297013 13.2361351),2026-02-19 10:40:46.370025,,0,0
373,Padmanabhanagar,Bangalore,West Hyderabad,POINT(77.5576638 12.9181024),2026-02-19 10:40:46.370025,,0,0
374,Panathur,Bangalore,West Hyderabad,POINT(77.7047541 12.9351457),2026-02-19 10:40:46.370025,,0,0
375,Panathur Main Road,Bangalore,West Hyderabad,POINT(77.6992075 12.938169),2026-02-19 10:40:46.370025,,0,0
378,RMV 2nd Stage,Bangalore,West Hyderabad,POINT(77.5695288 13.0360109),2026-02-19 10:40:46.370025,,0,0
379,RR Nagar,Bangalore,West Hyderabad,POINT(77.5290964 12.9314733),2026-02-19 10:40:46.370025,,0,0
382,Rajanukunte,Bangalore,West Hyderabad,POINT(77.5599986 13.1691299),2026-02-19 10:40:46.370025,,0,0
380,Rajarajeshwari Nagar,Bangalore,West Hyderabad,POINT(77.5162034 12.932582),2026-02-19 10:40:46.370025,,0,0
398,Subramanyapura,Bangalore,West Hyderabad,POINT(77.5321721 12.8992578),2026-02-19 10:41:39.611614,,0,0
399,THUBARAHALLI,Bangalore,West Hyderabad,POINT(77.7213154 12.9547872),2026-02-19 10:41:39.611614,,0,0
400,Thanisandra,Bangalore,West Hyderabad,POINT(77.6316152 13.0522499),2026-02-19 10:41:39.611614,,0,0
401,Thanisandra Main Road,Bangalore,West Hyderabad,POINT(77.6327683 13.0575188),2026-02-19 10:41:39.611614,,0,0
402,Thirupalya,Bangalore,West Hyderabad,POINT(77.6660463 12.821203),2026-02-19 10:41:39.611614,,0,0
403,UTTARAHALLI,Bangalore,West Hyderabad,POINT(77.5455438 12.9055682),2026-02-19 10:41:39.611614,,0,0
404,Upparahalli,Bangalore,West Hyderabad,POINT(77.781011 13.0894702),2026-02-19 10:41:39.611614,,0,0
407,Vajarahalli,Bangalore,West Hyderabad,POINT(77.5448072 12.8775221),2026-02-19 10:42:56.742095,,0,0
408,Veerasandra,Bangalore,West Hyderabad,POINT(77.672764 12.8395868),2026-02-19 10:42:56.742095,,0,0
409,Vignana Kendra,Bangalore,West Hyderabad,POINT(77.5867134 13.0705989),2026-02-19 10:42:56.742095,,0,0
410,Vijayanagar,Bangalore,West Hyderabad,POINT(77.5373851 12.9709537),2026-02-19 10:42:56.742095,,0,0
411,Vijayanagara,Bangalore,West Hyderabad,POINT(77.5374285 12.9709391),2026-02-19 10:42:56.742095,,0,0
412,YALAHANKA,Bangalore,West Hyderabad,POINT(77.5963454 13.1006982),2026-02-19 10:42:56.742095,,0,0
414,Yadavanahalli,Bangalore,West Hyderabad,POINT(77.7412015 12.7822858),2026-02-19 10:42:56.742095,,0,0
415,Yelahanka New Town,Bangalore,West Hyderabad,POINT(77.5811889 13.0978039),2026-02-19 10:42:56.742095,,0,0
416,Yelenahalli,Bangalore,West Hyderabad,POINT(77.6081639 12.8646227),2026-02-19 10:42:56.742095,,0,0
418,ittamadu,Bangalore,West Hyderabad,POINT(77.5418698 12.9233593),2026-02-19 10:42:56.742095,,0,0
419,jakkuru,Bangalore,West Hyderabad,POINT(77.607557 13.0793576),2026-02-19 10:42:56.742095,,0,0
420,marenahalli,Bangalore,West Hyderabad,POINT(77.5916651 12.9182594),2026-02-19 10:42:56.742095,,0,0
77,Devanahalli,Bangalore,West Hyderabad,POINT(77.7134377 13.2483502),2026-02-13 12:14:23.231167,,0,0
78,Doddaballapur Road,Bangalore,West Hyderabad,POINT(77.5821076 13.1060415),2026-02-13 12:14:23.231167,,0,0
79,Dommasandra Circle,Bangalore,West Hyderabad,POINT(77.7521448 12.8831988),2026-02-13 12:14:23.231167,,0,0
82,Electronic City,Bangalore,West Hyderabad,POINT(77.648253 12.8487599),2026-02-13 12:14:23.231167,,0,0
34,Bengaluru Urban,Bangalore,West Hyderabad,POINT(77.5671832 13.0222347),2026-02-13 12:14:22.851857,,0,0
101,Hennur,Bangalore,West Hyderabad,POINT(77.6413572 13.037077),2026-02-13 12:14:23.373264,,0,0
105,ITPL,Bangalore,West Hyderabad,POINT(77.7377329 12.9846295),2026-02-13 12:14:23.434929,,0,0
106,IVC Road,Bangalore,West Hyderabad,POINT(77.6448294 13.2307299),2026-02-13 12:14:23.434929,,0,0
108,Indiranagar,Bangalore,West Hyderabad,POINT(77.6404672 12.9732913),2026-02-13 12:14:23.434929,,0,0
111,JP Nagar,Bangalore,West Hyderabad,POINT(77.5866067 12.9096941),2026-02-13 12:14:23.434929,,0,0
112,Jakkur,Bangalore,West Hyderabad,POINT(77.6068938 13.0784743),2026-02-13 12:14:23.434929,,0,0
120,Kanakapura Road,Bangalore,West Hyderabad,POINT(77.5754045 12.9390978),2026-02-13 12:14:23.486438,,0,0
169,Mysore Road,Bangalore,West Hyderabad,POINT(77.5804711 12.9730088),2026-02-13 12:14:23.778724,,0,0
115,K R Puram,Bangalore,West Hyderabad,POINT(77.6754561 13.0005461),2026-02-13 12:14:23.486438,,0,0
267,Aerospace,Bangalore,West Hyderabad,POINT(77.6517907 12.9637621),2026-02-19 10:36:46.781721,"POLYGON((103.8682604 1.4257782,103.8673831 1.4249611,103.8673831 1.4249611,103.867222 1.424811,103.867222 1.424811,103.8670478 1.4246356,103.8651183 1.4230158,103.8643838 1.4222848,103.8640349 1.4218658,103.863598 1.4211644,103.8620585 1.4185859,103.8616989 1.4176586,103.8615191 1.4168104,103.8614292 1.416064,103.8614742 1.4154534,103.8616141 1.4146134,103.8618151 1.413571,103.8618639 1.4128597,103.8617846 1.4120994,103.8616384 1.4113206,103.8612789 1.410456,103.8608857 1.4097847,103.8602492 1.4090317,103.8596488 1.4085335,103.8560616 1.4060085,103.8555367 1.4055702,103.8550566 1.4048734,103.8548109 1.4041205,103.8547662 1.4033899,103.8548673 1.4026925,103.855302 1.4017702,103.8556352 1.4012318,103.8689203 1.4010319,103.8636929 1.4008971,103.8616138 1.4008845,103.8609716 1.4008929,103.8596347 1.4007846,103.8580744 1.4004984,103.8578318 1.4004624,103.857619 1.4004645,103.8573496 1.4004777,103.857096 1.4005208,103.8568759 1.4005688,103.8567104 1.4006257,103.8564697 1.4007295,103.8560776 1.4009304,103.8557852 1.4011184,103.8556352 1.4012318,103.8689203 1.4010319,103.8688908 1.40274,103.8687658 1.4048491,103.8680464 1.4068637,103.8690786 1.4077136,103.8721438 1.4096338,103.8729258 1.4103578,103.8734262 1.4109244,103.873958 1.4119632,103.8742395 1.4127501,103.8745523 1.4140408,103.8751778 1.4154258,103.87621 1.4166535,103.8770545 1.4174404,103.877336 1.4178182,103.8779843 1.4187714,103.8779843 1.4187714,103.877584 1.4190038,103.8767852 1.4195028,103.8758486 1.4204732,103.8745243 1.4222044,103.8739334 1.4227292,103.8732381 1.423324,103.8726124 1.4237788,103.8714652 1.4245135,103.8682604 1.4257782))",0,0
269,Agrahara,Bangalore,West Hyderabad,POINT(77.6183872 13.0979764),2026-02-19 10:36:46.781721,"POLYGON((77.5362823 13.1070156,77.5379545 13.1047043,77.5381703 13.1044531,77.5381703 13.1044531,77.5381685 13.1044493,77.537116 13.1023865,77.5363829 13.1009982,77.5359625 13.1002708,77.5358647 13.1000226,77.5356419 13.099709,77.5355094 13.0992256,77.5354284 13.0990803,77.5353332 13.0987428,77.5352094 13.0983555,77.5351655 13.0982176,77.535126 13.0979134,77.5350182 13.0965947,77.5350002 13.0962052,77.5255836 13.1025084,77.5260631 13.1021064,77.5260754 13.1019204,77.5261274 13.101877,77.5262634 13.1011074,77.5263727 13.1008978,77.526376 13.1008944,77.5265078 13.1007603,77.5266348 13.100632,77.5266615 13.1006068,77.526688 13.1005819,77.5266869 13.1005796,77.5268956 13.1003707,77.5270403 13.1003693,77.5272085 13.1003676,77.5272197 13.1003621,77.5276499 13.1001542,77.5278659 13.1000971,77.5275696 13.0995424,77.5275322 13.0994718,77.5276412 13.0994108,77.528111 13.0991394,77.5282325 13.0990881,77.529166 13.0986958,77.5291849 13.0986878,77.5292852 13.0986497,77.5298368 13.0984497,77.5299357 13.0984141,77.5299996 13.0983979,77.5301429 13.0983392,77.5302431 13.0982959,77.5306586 13.0981527,77.5308214 13.0980967,77.5308438 13.0980889,77.5309222 13.0980536,77.5310222 13.0980265,77.5313977 13.0978662,77.5321222 13.0976153,77.5321732 13.0975976,77.5323047 13.097552,77.5327659 13.0974197,77.5339157 13.0969578,77.5349169 13.0962766,77.5350002 13.0962052,77.5255836 13.1025084,77.5258732 13.1029643,77.5267252 13.1043216,77.5270234 13.1048604,77.527096 13.1049938,77.5276106 13.1058788,77.5278563 13.1062281,77.5280469 13.1064282,77.5280909 13.1064744,77.5281651 13.1065024,77.5281839 13.1065339,77.5283749 13.1066136,77.5284385 13.1066056,77.5285161 13.106635,77.530734 13.1068388,77.5313872 13.1069175,77.5315037 13.1069156,77.5315946 13.1069291,77.5317909 13.1069109,77.5325277 13.1068428,77.5325721 13.1068367,77.5329917 13.1068381,77.5331197 13.10683,77.5332477 13.1068339,77.534048 13.1068763,77.5361426 13.1068539,77.5361811 13.1069928,77.5361811 13.1069928,77.5362389 13.1069959,77.5362823 13.1070156))",0,0
306,Doddaballapura,Bangalore,West Hyderabad,POINT(77.54 13.294),2026-02-19 10:38:37.967380,,0,0
325,Honnenahalli,Bangalore,West Hyderabad,POINT(77.61 13.05),2026-02-19 10:39:24.112969,,0,0
348,Kodigenahalli,Bangalore,West Hyderabad,POINT(77.59 13.105),2026-02-19 10:40:26.439916,,0,0
355,Kurubarakunte,Bangalore,West Hyderabad,POINT(77.689 12.953),2026-02-19 10:40:26.439916,,0,0
384,Ramanagara Town,Bangalore,West Hyderabad,POINT(77.2805 12.7253),2026-02-19 10:40:46.370025,,0,0
417,Yeshwanthapura,Bangalore,West Hyderabad,POINT(77.551 13.023),2026-02-19 10:42:56.742095,,0,0
203,Rampally,Hyderabad,West Hyderabad,POINT(78.6489825 17.4644896),2026-02-13 12:14:23.913496,"POLYGON((78.6480415 17.4636799,78.6487093 17.463275,78.6500336 17.4635611,78.648964 17.4652994,78.6480415 17.4636799))",0,0
206,Saidabad,Hyderabad,West Hyderabad,POINT(78.5147979 17.359533),2026-02-13 12:14:23.964694,"POLYGON((78.496662 17.3499619,78.498888 17.3503142,78.5006936 17.350497,78.5007032 17.3504978,78.5007033 17.3504978,78.5008274 17.3503007,78.5015319 17.349182,78.5020675 17.3489305,78.5020676 17.3489306,78.5025053 17.3492457,78.503485 17.349951,78.5053255 17.3491825,78.5057536 17.3490038,78.5068917 17.3485285,78.507102 17.3490344,78.5082045 17.3495488,78.5082286 17.3495494,78.5098842 17.3495875,78.5099625 17.3495893,78.5120443 17.3499132,78.5120992 17.3499251,78.5140312 17.3503429,78.5142277 17.3505472,78.5145942 17.3509282,78.5148982 17.3512443,78.5151752 17.3515287,78.5161926 17.3522646,78.5168901 17.3528468,78.5180212 17.3537911,78.5189343 17.3545947,78.520406 17.3552574,78.5210548 17.357586,78.5208115 17.3584661,78.5201146 17.3609875,78.5200073 17.3621549,78.5191759 17.3634807,78.517322 17.3652257,78.5150992 17.3656663,78.5118003 17.3655138,78.5106786 17.365462,78.5105134 17.3663541,78.5104651 17.3702196,78.5105911 17.371784,78.5107714 17.3740214,78.5109307 17.3759989,78.5107789 17.3771221,78.5105874 17.3785382,78.5101243 17.3799263,78.5090381 17.3785495,78.5084337 17.3771473,78.5081443 17.3758252,78.5081615 17.3757195,78.5083907 17.3743088,78.5082668 17.3728076,78.5081656 17.3725379,78.507591 17.3710063,78.5065949 17.3698645,78.5033428 17.3689957,78.501625 17.3686779,78.5001721 17.368409,78.5000261 17.3683812,78.4991863 17.3682213,78.4991863 17.3682212,78.4994451 17.366148,78.4995132 17.3656024,78.4973115 17.364427,78.4973115 17.3644268,78.4981701 17.3615927,78.4992726 17.3579537,78.4989706 17.357865,78.4973305 17.3573834,78.4974269 17.3559965,78.4975037 17.3548922,78.497568 17.3539684,78.496662 17.3499619))",0,0
134,Kompally,Hyderabad,West Hyderabad,POINT(78.5096979 17.5354868),2026-02-13 12:14:23.618653,,0,0
232,Turkayamjal,Hyderabad,West Hyderabad,POINT(78.5885165 17.2877936),2026-02-13 12:14:24.083674,,0,0
211,Secunderabad,Hyderabad,West Hyderabad,POINT(78.5006827 17.4337246),2026-02-13 12:14:23.964694,"POLYGON((78.51949804591594 17.43395990587844,78.51918415547615 17.430431819436148,78.51815928927853 17.427030306619972,78.51646287006353 17.423886079711323,78.51416011845235 17.421119956745596,78.51133954227619 17.418838220498888,78.5081095330918 17.41712853680373,78.50459420100508 17.416056588640267,78.50092860782816 17.415663554892248,78.4972535813551 17.41596453021653,78.49371030933929 17.416947946393815,78.49043492002654 17.41857601718098,78.487553256556 17.42078618952441,78.48517604517549 17.423493545498765,78.48339464230091 17.426594062958664,78.48227752351958 17.429968610006576,78.48186764949398 17.43348752023382,78.48218081038686 17.437015573357193,78.483205013131 17.44041719021056,78.48490093599067 17.443561642673764,78.4872034339103 17.446328078372787,78.49002403768093 17.448610166920755,78.49325435154485 17.45032018885044,78.49677021901145 17.45139240968855,78.5004364967619 17.451785609039092,78.50411225278198 17.451484667033714,78.50765618825135 17.450501146819207,78.51093207391938 17.448872850477432,78.5138139910814 17.44666236540066,78.51619117486729 17.44395465712506,78.51797227306228 17.440853801430677,78.51908885646374 17.43747898170816,78.51949804591594 17.43395990587844))",0,0
213,Serilingampally,Hyderabad,West Hyderabad,POINT(78.340421 17.4667166),2026-02-13 12:14:23.964694,,0,0
3,HITEC City,Hyderabad,West Hyderabad,POINT(78.3831376 17.4490055),2025-12-25 18:48:04.444138,"POLYGON((78.4019527856749 17.449252115933582,78.40164120067669 17.445724139977298,78.40061855677466 17.44232229903295,78.398924191502 17.439177318212913,78.3966232468204 17.436410044669202,78.39380416143064 17.434126805439323,78.39057526989782 17.432415324054226,78.38706063961972 17.43134135242131,78.38339530558814 17.430946146955517,78.37972008567262 17.431244885504274,78.37617617497396 17.432226085541966,78.37289972608814 17.43385204576933,78.37001662260099 17.436060294096073,78.36763764579057 17.43876598649025,78.36585421961873 17.441865164797225,78.36473489718425 17.44523874873919,78.36432272368467 17.44875710914867,78.3646335776157 17.452285047139007,78.36565555465175 17.45568698823302,78.36734941878382 17.458832192071455,78.36965010434439 17.46159977754978,78.37246921208147 17.463883370141268,78.37569840402789 17.465595192518883,78.37921356705058 17.466669440862184,78.38287958505225 17.467064816629573,78.38655553603505 17.466766116046752,78.39010011359979 17.46578481585935,78.39337706362618 17.46415863261354,78.39626042623428 17.461950072352156,78.39863938069722 17.459244026596362,78.40042250645537 17.456144507296923,78.40154129614528 17.452770646644627,78.4019527856749 17.449252115933582))",0,0
40,Annojiguda,Hyderabad,West Hyderabad,POINT(78.6530604 17.4319258),2026-02-13 12:14:22.851857,,0,0
41,Appa Junction,Hyderabad,West Hyderabad,POINT(78.3647623 17.4385133),2026-02-13 12:14:22.851857,,0,0
239,Yapral,Hyderabad,West Hyderabad,POINT(78.5407976 17.5030543),2026-02-13 12:14:24.138873,"POLYGON((78.55962063996927 17.503286707076295,78.55930603005841 17.49975859427678,78.5582801767786 17.496357167554592,78.5565825409113 17.493213135760076,78.55427838986087 17.49044730930936,78.55145628518174 17.488165959482387,78.548224677038 17.486456737195834,78.5447077367949 17.485385307677515,78.54104058785036 17.484992829907714,78.5373641175766 17.485294377249385,78.53381956903979 17.486278359606175,78.53054311943367 17.48790696909951,78.52766065261578 17.490117632094698,78.52528292576244 17.49282541191218,78.52350131523087 17.495926270184547,78.52238430477624 17.499301061937757,78.52197485111287 17.502820111331513,78.52228872845853 17.50634819266253,78.52331391638495 17.509749725575393,78.5250110554046 17.51289398505322,78.52731495375373 17.515660126017146,78.53013708834943 17.51794182930546,78.53336900447307 17.519651390190198,78.53688648387227 17.52072309189505,78.5405543210675 17.52111573400176,78.54423152390659 17.52081421812858,78.54777673779688 17.519830129581067,78.5510536842506 17.51820129240438,78.55393640376968 17.51599031489595,78.55631410070633 17.513282181617125,78.55809540325792 17.510180984746604,78.55921187455648 17.50680592080693,78.55962063996927 17.503286707076295))",0,0
84,Gandamguda,Hyderabad,West Hyderabad,POINT(78.3848563 17.3605912),2026-02-13 12:14:23.307323,,0,0
89,Gopanpally,Hyderabad,West Hyderabad,POINT(78.3177798 17.4364868),2026-02-13 12:14:23.307323,,0,0
36,Adibatla,Hyderabad,West Hyderabad,POINT(78.5558997 17.230899),2026-02-13 12:14:22.851857,,0,0
39,Ameenpur,Hyderabad,West Hyderabad,POINT(78.3317297 17.5236905),2026-02-13 12:14:22.851857,,0,0
43,Ashok Nagar,Hyderabad,West Hyderabad,POINT(78.5818227 17.4479673),2026-02-13 12:14:22.851857,,0,0
68,Chegur,Hyderabad,West Hyderabad,POINT(78.250879 17.1548623),2026-02-13 12:14:23.172908,,0,0
97,Hakimpet,Hyderabad,West Hyderabad,POINT(78.4050926 17.4098051),2026-02-13 12:14:23.373264,,0,0
91,Gundlapochampally,Hyderabad,West Hyderabad,POINT(78.480271 17.568913),2026-02-13 12:14:23.307323,,0,0
44,Attapur,Hyderabad,West Hyderabad,POINT(78.4307278 17.3672244),2026-02-13 12:14:23.042416,,0,0
238,Yamnampet,Hyderabad,West Hyderabad,POINT(78.6620951 17.4515216),2026-02-13 12:14:24.138873,"POLYGON((78.66588 17.455868,78.6661912 17.4558248,78.6662422 17.4561433,78.6659366 17.4561865,78.66588 17.455868))",0,0
47,Bacharam,Hyderabad,West Hyderabad,POINT(78.6899614 17.3940741),2026-02-13 12:14:23.042416,,0,0
73,Chitkul,Hyderabad,West Hyderabad,POINT(78.2227607 17.5574271),2026-02-13 12:14:23.172908,,0,0
80,Dulapally,Hyderabad,West Hyderabad,POINT(78.4668466 17.5467126),2026-02-13 12:14:23.231167,,0,0
98,Hastinapuram,Hyderabad,West Hyderabad,POINT(78.5542145 17.3291354),2026-02-13 12:14:23.373264,,0,0
35,Abids,Hyderabad,West Hyderabad,POINT(78.477182 17.3894783),2026-02-13 12:14:22.851857,,0,0
56,Begumpet,Hyderabad,West Hyderabad,POINT(78.463016 17.446195),2026-02-13 12:14:23.107527,,0,0
62,Bolarum,Hyderabad,West Hyderabad,POINT(78.5155062 17.529823),2026-02-13 12:14:23.107527,,0,0
63,Bollaram,Hyderabad,West Hyderabad,POINT(78.3530366 17.5542504),2026-02-13 12:14:23.107527,,0,0
64,Bowrampet,Hyderabad,West Hyderabad,POINT(78.3982185 17.5610356),2026-02-13 12:14:23.172908,,0,0
67,Chandanagar,Hyderabad,West Hyderabad,POINT(78.3246428 17.4936092),2026-02-13 12:14:23.172908,,0,0
69,Chengicherla,Hyderabad,West Hyderabad,POINT(78.6066091 17.4329342),2026-02-13 12:14:23.172908,,0,0
72,Chiryala,Hyderabad,West Hyderabad,POINT(78.6279076 17.5199382),2026-02-13 12:14:23.172908,,0,0
88,Gollur,Hyderabad,West Hyderabad,POINT(78.3613036 17.154006),2026-02-13 12:14:23.307323,,0,0
90,Gowdavalli,Hyderabad,West Hyderabad,POINT(78.4683703 17.6107583),2026-02-13 12:14:23.307323,,0,0
95,Habsiguda,Hyderabad,West Hyderabad,POINT(78.5426918 17.4154761),2026-02-13 12:14:23.373264,,0,0
96,Hafeezpet,Hyderabad,West Hyderabad,POINT(78.3611316 17.4834409),2026-02-13 12:14:23.373264,,0,0
133,Kollur,Hyderabad,West Hyderabad,POINT(78.2515963 17.4444668),2026-02-13 12:14:23.555039,,0,0
85,Gandimaisamma,Hyderabad,West Hyderabad,POINT(78.4661749 17.5449708),2026-02-13 12:14:23.307323,,0,0
94,Madhapur,Hyderabad,West Hyderabad,POINT(78.4022018 17.4495464),2026-02-13 12:14:23.373264,,0,0
42,Appa Junction,Hyderabad,West Hyderabad,POINT(78.3561213 17.3524334),2026-02-13 12:14:22.851857,,0,0
66,Budvel,Hyderabad,West Hyderabad,POINT(78.3926573 17.3187641),2026-02-13 12:14:23.172908,,0,0
99,Hayathnagar,Hyderabad,West Hyderabad,POINT(78.6045399 17.3281147),2026-02-13 12:14:23.373264,,0,0
242,Yousufguda,Hyderabad,West Hyderabad,POINT(78.4279866 17.4387499),2026-02-13 12:14:24.138873,"POLYGON((78.44680140228107 17.438992139082018,78.44648893247916 17.435464118827866,78.445465452769 17.43206240337692,78.44377033271903 17.428917712937306,78.4414687431855 17.42615088345106,78.43864914752974 17.423868224878554,78.43541989981395 17.42215743846452,78.43190508103746 17.42108424947326,78.42823973338835 17.420689884333804,78.42456467525811 17.420989488703448,78.42102109557504 17.42197154688354,78.41774513429871 17.423598324678483,78.41486265638736 17.425807318630195,78.41248441919933 17.428513656065075,78.4107018183853 17.43161335401185,78.4095833754125 17.434987312159052,78.40917210172887 17.43850588686814,78.40948384125228 17.44203387091389,78.41050665557947 17.445435687949225,78.41220127644047 17.44858060230072,78.41450260897605 17.451347743937788,78.4173222289505 17.453630755377937,78.42055177859933 17.455341881655542,78.42406713095673 17.456415345765127,78.42773316260165 17.456809879393386,78.43140895101051 17.456510311232133,78.43495319607663 17.455528151467615,78.4382296565419 17.453901149760732,78.44111239145111 17.451691843658164,78.44349060432033 17.448985153355647,78.44527290320121 17.44588511554535,78.44639081259317 17.442510882279873,78.44680140228107 17.438992139082018))",0,0
109,Injapur,Hyderabad,West Hyderabad,POINT(78.58961529999999 17.305797),2026-02-13 12:14:23.434929,,0,0
116,Kachiguda,Hyderabad,West Hyderabad,POINT(78.4921296 17.3893582),2026-02-13 12:14:23.486438,,0,0
135,Kongara Kalan,Hyderabad,West Hyderabad,POINT(78.5463125 17.2144375),2026-02-13 12:14:23.618653,,0,0
141,Krishnareddypet,Hyderabad,West Hyderabad,POINT(78.2841363 17.5528002),2026-02-13 12:14:23.618653,,0,0
147,Madeenaguda,Hyderabad,West Hyderabad,POINT(78.33720319999999 17.4936679),2026-02-13 12:14:23.678313,,0,0
154,Mangalpalli,Hyderabad,West Hyderabad,POINT(78.6063594 17.2260625),2026-02-13 12:14:23.730606,,0,0
123,Kandukur,Hyderabad,West Hyderabad,POINT(78.488948 17.0643887),2026-02-13 12:14:23.486438,,0,0
138,Kothapet,Hyderabad,West Hyderabad,POINT(78.540604 17.3750102),2026-02-13 12:14:23.618653,,0,0
156,Manneguda,Hyderabad,West Hyderabad,POINT(78.7165877 17.2238257),2026-02-13 12:14:23.730606,,0,0
157,Mansanpally,Hyderabad,West Hyderabad,POINT(78.392777 17.1388079),2026-02-13 12:14:23.730606,,0,0
161,Meerpet,Hyderabad,West Hyderabad,POINT(78.5715499 17.4546432),2026-02-13 12:14:23.730606,,0,0
162,Mehdipatnam,Hyderabad,West Hyderabad,POINT(78.4342514 17.3942627),2026-02-13 12:14:23.730606,,0,0
163,Miyapur,Hyderabad,West Hyderabad,POINT(78.3567628 17.4981608),2026-02-13 12:14:23.730606,,0,0
194,Peerzadiguda,Hyderabad,West Hyderabad,POINT(78.5815697 17.4013579),2026-02-13 12:14:23.913496,,0,0
197,Pragathi Nagar,Hyderabad,West Hyderabad,POINT(78.3968876 17.5200154),2026-02-13 12:14:23.913496,,0,0
198,Puppalaguda,Hyderabad,West Hyderabad,POINT(78.3861689 17.3999951),2026-02-13 12:14:23.913496,,0,0
168,Muthangi,Hyderabad,West Hyderabad,POINT(78.3665115 17.5626032),2026-02-13 12:14:23.778724,,0,0
220,Shankarpally,Hyderabad,West Hyderabad,POINT(78.1310146 17.4567289),2026-02-13 12:14:24.042048,,0,0
223,Suraram,Hyderabad,West Hyderabad,POINT(78.4186386 17.5360946),2026-02-13 12:14:24.042048,,0,0
180,Neopolis,Hyderabad,West Hyderabad,POINT(78.31150339999999 17.406826),2026-02-13 12:14:23.830655,,0,0
191,Patighanpur,Hyderabad,West Hyderabad,POINT(78.24528269999999 17.5124205),2026-02-13 12:14:23.874730,,0,0
195,Pocharam,Hyderabad,West Hyderabad,POINT(78.6446875 17.4329375),2026-02-13 12:14:23.913496,,0,0
196,Podur,Hyderabad,West Hyderabad,POINT(78.53587 17.5928617),2026-02-13 12:14:23.913496,,0,0
204,Rudraram,Hyderabad,West Hyderabad,POINT(78.3456609 17.4645419),2026-02-13 12:14:23.964694,,0,0
132,Kokapet,Hyderabad,West Hyderabad,POINT(78.3365214 17.3948624),2026-02-13 12:14:23.555039,,0,0
137,Kothaguda,Hyderabad,West Hyderabad,POINT(78.3638803 17.458705),2026-02-13 12:14:23.618653,,0,0
139,Kothur,Hyderabad,West Hyderabad,POINT(78.2886922 17.1486076),2026-02-13 12:14:23.618653,,0,0
152,Mamidipally,Hyderabad,West Hyderabad,POINT(78.4514373 17.2492953),2026-02-13 12:14:23.678313,,0,0
153,Manchirevula,Hyderabad,West Hyderabad,POINT(78.3537878 17.3769679),2026-02-13 12:14:23.678313,,0,0
155,Manikonda,Hyderabad,West Hyderabad,POINT(78.3766148 17.4037073),2026-02-13 12:14:23.730606,,0,0
216,Shaikpet,Hyderabad,West Hyderabad,POINT(78.4006536 17.4057955),2026-02-13 12:14:24.042048,,0,0
217,Shamirpet,Hyderabad,West Hyderabad,POINT(78.5743878 17.5942672),2026-02-13 12:14:24.042048,,0,0
176,Nallakunta,Hyderabad,West Hyderabad,POINT(78.50557 17.3975005),2026-02-13 12:14:23.830655,,0,0
225,Tarnaka,Hyderabad,West Hyderabad,POINT(78.5379433 17.4285479),2026-02-13 12:14:24.083674,,0,0
187,Palgutta,Hyderabad,West Hyderabad,POINT(78.1746897 17.2877884),2026-02-13 12:14:23.874730,,0,0
221,Somajiguda,Hyderabad,West Hyderabad,POINT(78.4585197 17.4255053),2026-02-13 12:14:24.042048,,0,0
228,Thumkunta,Hyderabad,West Hyderabad,POINT(78.698051 17.5921885),2026-02-13 12:14:24.083674,,0,0
165,Moosapet,Hyderabad,West Hyderabad,POINT(78.4206695 17.4685307),2026-02-13 12:14:23.778724,,0,0
188,Patancheru,Hyderabad,West Hyderabad,POINT(78.2674254 17.5286092),2026-02-13 12:14:23.874730,,0,0
193,Peerancheru,Hyderabad,West Hyderabad,POINT(78.3849781 17.4763979),2026-02-13 12:14:23.874730,,0,0
192,Peerancheru,Hyderabad,West Hyderabad,POINT(78.36613969999999 17.3918309),2026-02-13 12:14:23.874730,,0,0
190,Kollur,Hyderabad,West Hyderabad,POINT(78.241463 17.489557),2026-02-13 12:14:23.874730,,0,0
117,Khajaguda,Hyderabad,West Hyderabad,POINT(78.3549781 17.4089526),2026-02-13 12:14:23.486438,,0,0
219,Shamsherganj,Hyderabad,West Hyderabad,POINT(78.47085419999999 17.3399481),2026-02-13 12:14:24.042048,,0,0
186,Secunderabad,Hyderabad,West Hyderabad,POINT(78.5085153 17.4256007),2026-02-13 12:14:23.874730,,0,0
189,Patancheru,Hyderabad,West Hyderabad,POINT(78.2641269 17.5317301),2026-02-13 12:14:23.874730,,0,0
140,Kowkoor,Hyderabad,West Hyderabad,POINT(78.5355319 17.5248934),2026-02-13 12:14:23.618653,,0,0
218,Shamshabad,Hyderabad,West Hyderabad,POINT(78.3931943 17.2611444),2026-02-13 12:14:24.042048,,0,0
229,Tooroor,Hyderabad,West Hyderabad,POINT(78.6053783 17.2596485),2026-02-13 12:14:24.083674,,0,0
200,Quthbullapur,Hyderabad,West Hyderabad,POINT(78.4606445 17.4966655),2026-02-13 12:14:23.913496,,0,0
222,Suchitra,Hyderabad,West Hyderabad,POINT(78.4821092 17.5059947),2026-02-13 12:14:24.042048,,0,0
234,Uppal Bhagath,Hyderabad,West Hyderabad,POINT(78.5752534 17.3925082),2026-02-13 12:14:24.138873,,0,0
236,Velimela,Hyderabad,West Hyderabad,POINT(78.2466875 17.4731875),2026-02-13 12:14:24.138873,,0,0
255,Konapur,Hyderabad,West Hyderabad,POINT(78.454 17.328),2026-02-19 10:31:28.765559,,0,0
256,Amberpet,Hyderabad,West Hyderabad,POINT(78.507 17.388),2026-02-19 10:31:28.765559,,0,0
259,Sirigiripuram,Hyderabad,West Hyderabad,POINT(78.55 17.32),2026-02-19 10:31:28.765559,,0,0
260,Depalle,Hyderabad,West Hyderabad,POINT(78.28 17.51),2026-02-19 10:31:28.765559,,0,0
253,Shilpa Hills,Hyderabad,West Hyderabad,POINT(78.4508183 17.4089646),2026-02-19 10:31:28.765559,,0,0
254,Ramachandrapuram,Hyderabad,West Hyderabad,POINT(78.3018685 17.5086345),2026-02-19 10:31:28.765559,,0,0
2,Kondapur,Hyderabad,West Hyderabad,POINT(78.3730556 17.4587912),2025-12-25 12:25:41.878528,"POLYGON((78.39187163808735 17.459038903089883,78.39156026027331 17.455510938053777,78.39053778279496 17.452109065869287,78.38884353682649 17.448964012862966,78.38654265978187 17.446196628965136,78.3837235877948 17.44391324544831,78.38049465493752 17.44220159137329,78.37697993020487 17.441127425261964,78.37331445221277 17.440732010977527,78.36963904434361 17.44103053436706,78.36609490889094 17.44201152115242,78.36281820705139 17.44363727821586,78.35993483209451 17.445845341270346,78.3575555756987 17.448550873409655,78.35577187254785 17.45164992265264,78.35465228637588 17.455023413703266,78.35423987252129 17.45854172098925,78.35455051873596 17.46206964769059,78.35557232870694 17.465471619784903,78.357266072882 17.46861689573529,78.35956669024061 17.471384591670223,78.362385784184 17.473668328812373,78.36561501729726 17.47538032426469,78.36913027487435 17.47645476753368,78.3727964371786 17.476850352561396,78.37647257664723 17.476551867506636,78.38001737960734 17.475570780811402,78.38329458324029 17.47394480080385,78.38617821788304 17.47173642571224,78.38855745232242 17.46903053994761,78.39034085521722 17.465931149327357,78.39145990854477 17.462557381119122,78.39187163808735 17.459038903089883))",0,0
4,Madhapur,Hyderabad,West Hyderabad,POINT(78.3916304 17.4408924),2025-12-25 18:48:04.444138,"POLYGON((78.41044488100735 17.44113810270546,78.41013312180117 17.43761011763343,78.40911033750041 17.43420830298657,78.4074158710034 17.431063382855108,78.40511486813065 17.428296202055147,78.4022957697923 17.426013084064884,78.39906691103226 17.424301747768574,78.39555235798115 17.423227939516266,78.39188714266749 17.422832909465612,78.38821207841461 17.423131828744072,78.38466835436641 17.42411320789839,78.38139211597647 17.42573933875751,78.37850923877235 17.427947742677553,78.37613049536324 17.430653569642455,78.37434730076028 17.4337528563136,78.37322819917088 17.437126518230514,78.37281622730119 17.440644923207834,78.37312725588238 17.444172870625053,78.37414937385194 17.447574785625005,78.37584333975447 17.45071992883963,78.37814408398039 17.453487421490447,78.38096320499625 17.4557708926228,78.38419236430575 17.45748256958975,78.38770745002229 17.45855665417722,78.39137334902391 17.458951854158023,78.39504914390196 17.45865297253437,78.3985935342814 17.45767149302692,78.40187027326581 17.45604513908458,78.40475340911664 17.45383642331365,78.4071321298481 17.451130243206666,78.40891502390154 17.448030615864923,78.41003359282551 17.4446566776129,78.41044488100735 17.44113810270546))",0,0
48,Bachupally,Hyderabad,West Hyderabad,POINT(78.3644736 17.536648),2026-02-13 12:14:23.042416,,0,0
50,Bahadurpally,Hyderabad,West Hyderabad,POINT(78.4375047 17.5599332),2026-02-13 12:14:23.042416,,0,0
52,Bandlaguda Jagir,Hyderabad,West Hyderabad,POINT(78.4050471 17.3719459),2026-02-13 12:14:23.042416,,0,0
86,Gandipet,Hyderabad,West Hyderabad,POINT(78.3957009 17.3650805),2026-02-13 12:14:23.307323,,0,0
107,Ibrahimpatnam,Hyderabad,West Hyderabad,POINT(78.6465807 17.1961714),2026-02-13 12:14:23.434929,,0,0
113,Jeedimetla,Hyderabad,West Hyderabad,POINT(78.4468876 17.519687),2026-02-13 12:14:23.434929,,0,0
114,Jubilee Hills,Hyderabad,West Hyderabad,POINT(78.4102882 17.4308362),2026-02-13 12:14:23.486438,,0,0
118,Kalyan Nagar,Hyderabad,West Hyderabad,POINT(78.4235034 17.4526549),2026-02-13 12:14:23.486438,,0,0
119,Kamalanagar,Hyderabad,West Hyderabad,POINT(78.52807 17.3671827),2026-02-13 12:14:23.486438,,0,0
121,Kandawada,Hyderabad,West Hyderabad,POINT(78.1739159 17.2887172),2026-02-13 12:14:23.486438,,0,0
54,Banjara Hills,Hyderabad,West Hyderabad,POINT(78.4399014 17.4177464),2026-02-13 12:14:23.107527,,0,0
81,Dundigal,Hyderabad,West Hyderabad,POINT(78.4141732 17.6075319),2026-02-13 12:14:23.231167,,0,0
83,Gajularamaram,Hyderabad,West Hyderabad,POINT(78.4200077 17.5271759),2026-02-13 12:14:23.231167,,0,0
46,Beeramguda,Hyderabad,West Hyderabad,POINT(78.3010473 17.5163573),2026-02-13 12:14:23.042416,,0,0
243,Gowrelly,Hyderabad,West Hyderabad,POINT(78.66584069999999 17.3691861),2026-02-13 12:14:24.138873,,0,0
261,Manchirevula,Hyderabad,West Hyderabad,POINT(78.347 17.395),2026-02-19 10:31:28.765559,,0,0
262,Velimela,Hyderabad,West Hyderabad,POINT(78.338 17.378),2026-02-19 10:31:28.765559,,0,0
53,Bandlaguda,Hyderabad,West Hyderabad,POINT(78.5619492 17.3737298),2026-02-13 12:14:23.042416,,0,0
75,Damaragidda,Hyderabad,West Hyderabad,POINT(78.18 17.298),2026-02-13 12:14:23.231167,,0,0
257,Dollar Hills,Hyderabad,West Hyderabad,POINT(78.369 17.46),2026-02-19 10:31:28.765559,,0,0
87,Ghatkesar,Hyderabad,West Hyderabad,POINT(78.6843022 17.4510837),2026-02-13 12:14:23.307323,,0,0
231,Turkapally,Hyderabad,West Hyderabad,POINT(78.432 17.528),2026-02-13 12:14:24.083674,,0,0
145,Laxmiguda,Hyderabad,West Hyderabad,POINT(78.4502374 17.3068831),2026-02-13 12:14:23.678313,,0,0
149,Malkajgiri,Hyderabad,West Hyderabad,POINT(78.5368997 17.4511764),2026-02-13 12:14:23.678313,,0,0
170,Nacharam,Hyderabad,West Hyderabad,POINT(78.5528098 17.4284936),2026-02-13 12:14:23.778724,,0,0
172,Nagaram,Hyderabad,West Hyderabad,POINT(78.613677 17.4910112),2026-02-13 12:14:23.778724,,0,0
177,Narapally,Hyderabad,West Hyderabad,POINT(78.6283752 17.4209065),2026-02-13 12:14:23.830655,,0,0
178,Narsingi,Hyderabad,West Hyderabad,POINT(78.3566242 17.3874168),2026-02-13 12:14:23.830655,,0,0
179,Neknampur,Hyderabad,West Hyderabad,POINT(78.3838945 17.3999156),2026-02-13 12:14:23.830655,,0,0
174,Nallagandla,Hyderabad,West Hyderabad,POINT(78.3060359 17.4774828),2026-02-13 12:14:23.830655,,0,0
76,Dammaiguda,Hyderabad,West Hyderabad,POINT(78.567 17.458),2026-02-13 12:14:23.231167,,0,0
160,Medipally,Hyderabad,West Hyderabad,POINT(78.548 17.402),2026-02-13 12:14:23.730606,,0,0
215,Shadnagar,Hyderabad,West Hyderabad,POINT(78.2047 17.0655),2026-02-13 12:14:24.042048,,0,0
148,Maheshwaram,Hyderabad,West Hyderabad,POINT(78.4338212 17.1350798),2026-02-13 12:14:23.678313,,0,0
150,Mallampet,Hyderabad,West Hyderabad,POINT(78.36328 17.5574261),2026-02-13 12:14:23.678313,,0,0
166,Moti Nagar,Hyderabad,West Hyderabad,POINT(78.422242 17.4508069),2026-02-13 12:14:23.778724,,0,0
167,Moula Ali,Hyderabad,West Hyderabad,POINT(78.5571396 17.46171),2026-02-13 12:14:23.778724,,0,0
171,Nadergul,Hyderabad,West Hyderabad,POINT(78.5399456 17.2746364),2026-02-13 12:14:23.778724,,0,0
173,Nagole,Hyderabad,West Hyderabad,POINT(78.5601231 17.3775306),2026-02-13 12:14:23.778724,,0,0
181,Nizampet,Hyderabad,West Hyderabad,POINT(78.3817156 17.515397),2026-02-13 12:14:23.830655,,0,0
146,Mokila,Hyderabad,West Hyderabad,POINT(78.1880987 17.4263216),2026-02-13 12:14:23.678313,,0,0
70,Chevella,Hyderabad,West Hyderabad,POINT(78.1370079 17.3062296),2026-02-13 12:14:23.172908,,0,0
144,Lakdikapul,Hyderabad,West Hyderabad,POINT(78.4609269 17.4105398),2026-02-13 12:14:23.678313,,0,0
151,Mallapur,Hyderabad,West Hyderabad,POINT(78.2711934 17.1853638),2026-02-13 12:14:23.678313,,0,0
